year,cpi
1991,0.619
1992,0.65
1993,0.679
1994,0.6970000000000001
1995,0.71
1996,0.72
1997,0.7340000000000001
1998,0.74
1999,0.745
2000,0.755
2001,0.77
2002,0.7809999999999999
2003,0.789
2004,0.802
2005,0.815
2006,0.828
2007,0.847
2008,0.8690000000000001
2009,0.872
2010,0.8809999999999999
2011,0.9
2012,0.917
2013,0.9309999999999999
2014,0.94
2015,0.945
2016,0.95
2017,0.9640000000000001
2018,0.981
2019,0.995
2020,1.0
2021,1.031
2022,1.102
2023,1.167
